,First_week ID:,Date:,Item_index:,Response variable duration[0]:,Response variable duration[1]:,Score_global:,Pass:,Pass_Score:,Max_Score:,Min_Score:
0,id494149cf-c96e-47a5-a3ee-10c75386413b_1,2021-10-28T13:27:46,1,3,3,0,false,10.5,27,0
1,id36d4b135-53f0-4cf3-9e2b-4ea378d9ffa8_1,2021-10-28T13:28:40,1,99,99,0,false,10.5,30,0
2,id36d4b135-53f0-4cf3-9e2b-4ea378d9ffa8_1,2021-10-31T17:31:07,11,7442,676,23,true,10.5,30,0
3,id494149cf-c96e-47a5-a3ee-10c75386413b_1,2021-10-21T20:55:51,8,2468,1188,24,true,10.5,27,0
4,id36d4b135-53f0-4cf3-9e2b-4ea378d9ffa8_1,2022-01-04T11:41:38,8,10786,469,19,true,10.5,30,0
5,id494149cf-c96e-47a5-a3ee-10c75386413b_1,2022-01-06T19:53:12,8,1631,533,27,true,10.5,27,0
6,id36d4b135-53f0-4cf3-9e2b-4ea378d9ffa8_1,2022-01-24T19:25:48,11,7717,1851,26,true,10.5,30,0
7,id36d4b135-53f0-4cf3-9e2b-4ea378d9ffa8_1,2021-11-20T15:43:34,8,14336,377,19.5,true,10.5,30,0
8,id494149cf-c96e-47a5-a3ee-10c75386413b_1,2021-10-25T16:47:25,1,82,81,0,false,10.5,27,0
9,id494149cf-c96e-47a5-a3ee-10c75386413b_1,2021-10-25T16:48:21,1,48,47,2,false,10.5,27,0
10,id494149cf-c96e-47a5-a3ee-10c75386413b_1,2021-10-25T17:10:44,3,1337,622,22,true,10.5,27,0
11,id36d4b135-53f0-4cf3-9e2b-4ea378d9ffa8_1,2021-10-25T18:18:39,11,7534,1277,30,true,10.5,30,0
12,id494149cf-c96e-47a5-a3ee-10c75386413b_1,2022-01-05T14:47:10,8,3331,1342,26,true,10.5,27,0
13,id36d4b135-53f0-4cf3-9e2b-4ea378d9ffa8_1,2021-11-08T13:51:01,11,5661,2225,22.5,true,10.5,30,0
14,id494149cf-c96e-47a5-a3ee-10c75386413b_1,2021-11-07T22:27:30,8,1329,776,26,true,10.5,27,0
15,id36d4b135-53f0-4cf3-9e2b-4ea378d9ffa8_1,2022-01-11T12:26:49,11,7605,288,25,true,10.5,30,0
16,id36d4b135-53f0-4cf3-9e2b-4ea378d9ffa8_1,2021-12-21T13:50:23,11,35866,841,26,true,10.5,30,0
17,id494149cf-c96e-47a5-a3ee-10c75386413b_1,2021-12-22T10:31:17,8,3279,1433,24,true,10.5,27,0
18,id36d4b135-53f0-4cf3-9e2b-4ea378d9ffa8_1,2022-01-04T12:26:19,8,12781,608,25,true,10.5,30,0
19,id494149cf-c96e-47a5-a3ee-10c75386413b_1,2021-10-19T19:05:32,8,2434,976,27,true,10.5,27,0
20,id36d4b135-53f0-4cf3-9e2b-4ea378d9ffa8_1,2021-12-09T20:22:36,11,26082,950,24,true,10.5,30,0
21,id494149cf-c96e-47a5-a3ee-10c75386413b_1,2021-12-16T21:04:19,8,1084,686,23,true,10.5,27,0
22,id494149cf-c96e-47a5-a3ee-10c75386413b_1,2022-01-07T15:41:06,3,27,26,0,false,10.5,27,0
23,id494149cf-c96e-47a5-a3ee-10c75386413b_1,2022-01-07T15:55:21,8,132,44,0,false,10.5,27,0
24,id36d4b135-53f0-4cf3-9e2b-4ea378d9ffa8_1,2022-01-17T22:46:02,8,14864,1110,25,true,10.5,30,0
25,id494149cf-c96e-47a5-a3ee-10c75386413b_1,2021-11-16T16:12:14,8,2173,991,24.5,true,10.5,27,0
26,id36d4b135-53f0-4cf3-9e2b-4ea378d9ffa8_1,2022-01-24T15:53:23,11,11860,1641,22.5,true,10.5,30,0
27,id494149cf-c96e-47a5-a3ee-10c75386413b_1,2021-10-25T16:48:08,8,1287,749,26,true,10.5,27,0
28,id36d4b135-53f0-4cf3-9e2b-4ea378d9ffa8_1,2021-10-21T11:53:12,1,94,91,1,false,10.5,30,0
29,id36d4b135-53f0-4cf3-9e2b-4ea378d9ffa8_1,2021-10-21T11:51:31,1,5,5,0,false,10.5,30,0
30,id36d4b135-53f0-4cf3-9e2b-4ea378d9ffa8_1,2021-10-25T18:23:09,11,25762,609,28,true,10.5,30,0
31,id494149cf-c96e-47a5-a3ee-10c75386413b_1,2021-10-23T18:50:16,8,1549,532,27,true,10.5,27,0
32,id494149cf-c96e-47a5-a3ee-10c75386413b_1,2022-01-30T14:44:56,8,784,381,27,true,10.5,27,0
33,id36d4b135-53f0-4cf3-9e2b-4ea378d9ffa8_1,2021-11-05T11:33:30,1,22,21,0,false,10.5,30,0
34,id36d4b135-53f0-4cf3-9e2b-4ea378d9ffa8_1,2022-10-14T11:32:55,11,1439,40,0,false,10.5,30,0
35,id494149cf-c96e-47a5-a3ee-10c75386413b_1,2022-10-20T14:01:10,1,8867,8867,0,false,10.5,27,0
36,id36d4b135-53f0-4cf3-9e2b-4ea378d9ffa8_1,2021-10-17T16:42:50,1,140,140,0,false,10.5,30,0
37,id494149cf-c96e-47a5-a3ee-10c75386413b_1,2021-10-20T17:23:14,3,116,116,0,false,10.5,27,0
38,id36d4b135-53f0-4cf3-9e2b-4ea378d9ffa8_1,2022-02-04T16:49:40,11,3774,678,19.5,true,10.5,30,0
39,id494149cf-c96e-47a5-a3ee-10c75386413b_1,2022-02-04T16:57:16,8,519,174,14,true,10.5,27,0
40,id36d4b135-53f0-4cf3-9e2b-4ea378d9ffa8_1,2021-10-25T22:40:45,11,4727,572,15,true,10.5,30,0
41,id494149cf-c96e-47a5-a3ee-10c75386413b_1,2021-10-25T23:56:02,8,4510,332,21.5,true,10.5,27,0
42,id36d4b135-53f0-4cf3-9e2b-4ea378d9ffa8_1,2022-01-18T15:32:25,11,2128,372,17,true,10.5,30,0
43,id494149cf-c96e-47a5-a3ee-10c75386413b_1,2022-01-20T16:23:49,8,3124,1363,23,true,10.5,27,0
44,id36d4b135-53f0-4cf3-9e2b-4ea378d9ffa8_1,2021-10-24T17:05:19,11,11981,698,25.5,true,10.5,30,0
45,id494149cf-c96e-47a5-a3ee-10c75386413b_1,2021-10-24T23:41:20,8,17230,841,21,true,10.5,27,0
46,id36d4b135-53f0-4cf3-9e2b-4ea378d9ffa8_1,2021-12-10T20:37:59,11,9590,423,23.5,true,10.5,30,0
47,id494149cf-c96e-47a5-a3ee-10c75386413b_1,2021-12-10T22:08:11,8,5398,1051,23,true,10.5,27,0
48,id36d4b135-53f0-4cf3-9e2b-4ea378d9ffa8_1,2022-01-01T20:55:13,11,30697,3538,30,true,10.5,30,0
49,id494149cf-c96e-47a5-a3ee-10c75386413b_1,2022-01-01T22:05:21,8,4196,3279,27,true,10.5,27,0
50,id36d4b135-53f0-4cf3-9e2b-4ea378d9ffa8_1,2021-11-18T20:19:37,11,17733,2242,29,true,10.5,30,0
51,id494149cf-c96e-47a5-a3ee-10c75386413b_1,2021-11-11T11:30:08,8,2060,974,27,true,10.5,27,0
52,id36d4b135-53f0-4cf3-9e2b-4ea378d9ffa8_1,2021-11-23T08:28:16,1,677,677,0,false,10.5,30,0
53,id36d4b135-53f0-4cf3-9e2b-4ea378d9ffa8_1,2021-10-17T19:28:47,1,53,53,0,false,10.5,30,0
54,id36d4b135-53f0-4cf3-9e2b-4ea378d9ffa8_1,2021-11-02T11:55:56,11,15747,530,26,true,10.5,30,0
55,id494149cf-c96e-47a5-a3ee-10c75386413b_1,2021-11-02T12:20:06,8,1467,539,27,true,10.5,27,0
56,id36d4b135-53f0-4cf3-9e2b-4ea378d9ffa8_1,2021-10-20T08:25:43,8,10405,724,29,true,10.5,30,0
57,id494149cf-c96e-47a5-a3ee-10c75386413b_1,2021-10-20T08:54:08,8,1523,738,27,true,10.5,27,0
58,id36d4b135-53f0-4cf3-9e2b-4ea378d9ffa8_1,2021-10-24T16:28:17,11,28321,461,28,true,10.5,30,0
59,id494149cf-c96e-47a5-a3ee-10c75386413b_1,2021-10-20T20:57:43,5,6700,3314,27,true,10.5,27,0
60,id36d4b135-53f0-4cf3-9e2b-4ea378d9ffa8_1,2021-10-31T13:06:07,11,26512,690,27,true,10.5,30,0
61,id494149cf-c96e-47a5-a3ee-10c75386413b_1,2021-10-31T17:12:13,8,2160,1183,27,true,10.5,27,0
62,id36d4b135-53f0-4cf3-9e2b-4ea378d9ffa8_1,2022-02-05T13:42:38,11,4602,33,13.5,true,10.5,30,0
63,id494149cf-c96e-47a5-a3ee-10c75386413b_1,2022-02-05T14:00:16,8,1033,526,15,true,10.5,27,0
64,id494149cf-c96e-47a5-a3ee-10c75386413b_1,2022-02-05T17:13:54,1,6,6,0,false,10.5,27,0
65,id36d4b135-53f0-4cf3-9e2b-4ea378d9ffa8_1,2021-10-29T22:35:55,8,5983,2009,18,true,10.5,30,0
66,id494149cf-c96e-47a5-a3ee-10c75386413b_1,2021-10-29T23:17:19,8,2240,926,21,true,10.5,27,0
67,id36d4b135-53f0-4cf3-9e2b-4ea378d9ffa8_1,2021-10-19T20:28:16,1,107,105,0,false,10.5,30,0
68,id36d4b135-53f0-4cf3-9e2b-4ea378d9ffa8_1,2021-10-20T12:44:32,11,5145,596,23,true,10.5,30,0
69,id36d4b135-53f0-4cf3-9e2b-4ea378d9ffa8_1,2021-10-21T22:07:28,8,1829,347,29,true,10.5,30,0
70,id494149cf-c96e-47a5-a3ee-10c75386413b_1,2021-10-21T22:45:05,8,2240,832,27,true,10.5,27,0
71,id36d4b135-53f0-4cf3-9e2b-4ea378d9ffa8_1,2021-10-18T12:50:55,9,5595,862,24,true,10.5,30,0
72,id494149cf-c96e-47a5-a3ee-10c75386413b_1,2021-10-18T10:51:50,3,2781,993,27,true,10.5,27,0
73,id494149cf-c96e-47a5-a3ee-10c75386413b_1,2021-11-24T23:11:02,4,3970,2468,26,true,10.5,27,0
74,id494149cf-c96e-47a5-a3ee-10c75386413b_1,2021-11-03T22:28:07,1,34,24,0,false,10.5,27,0
75,id36d4b135-53f0-4cf3-9e2b-4ea378d9ffa8_1,2021-11-24T23:22:42,10,9940,812,21,true,10.5,30,0
76,id494149cf-c96e-47a5-a3ee-10c75386413b_1,2022-06-14T11:57:56,8,81,9,0,false,10.5,27,0
77,id494149cf-c96e-47a5-a3ee-10c75386413b_1,2021-11-19T14:50:07,8,8326,1853,27,true,10.5,27,0
78,id36d4b135-53f0-4cf3-9e2b-4ea378d9ffa8_1,2022-07-07T13:50:03,7,400,61,8.5,false,10.5,30,0
79,id36d4b135-53f0-4cf3-9e2b-4ea378d9ffa8_1,2021-12-04T17:36:20,11,26058,926,26,true,10.5,30,0
80,id494149cf-c96e-47a5-a3ee-10c75386413b_1,2021-10-26T17:02:01,8,2120,1501,27,true,10.5,27,0
81,id36d4b135-53f0-4cf3-9e2b-4ea378d9ffa8_1,2021-10-30T14:51:11,11,5640,617,24.5,true,10.5,30,0
82,id494149cf-c96e-47a5-a3ee-10c75386413b_1,2021-10-30T15:55:38,8,816,413,19.5,true,10.5,27,0
83,id494149cf-c96e-47a5-a3ee-10c75386413b_1,2021-10-23T03:00:22,8,1525,666,26,true,10.5,27,0
84,id36d4b135-53f0-4cf3-9e2b-4ea378d9ffa8_1,2021-10-26T12:02:07,11,11766,816,29,true,10.5,30,0
85,id36d4b135-53f0-4cf3-9e2b-4ea378d9ffa8_1,2021-10-23T02:43:52,11,5050,719,22.5,true,10.5,30,0
86,id494149cf-c96e-47a5-a3ee-10c75386413b_1,2021-10-24T18:13:10,8,1571,744,27,true,10.5,27,0
87,id36d4b135-53f0-4cf3-9e2b-4ea378d9ffa8_1,2021-10-19T19:02:45,11,4414,547,25,true,10.5,30,0
88,id494149cf-c96e-47a5-a3ee-10c75386413b_1,2022-01-02T15:18:39,8,1523,528,27,true,10.5,27,0
89,id494149cf-c96e-47a5-a3ee-10c75386413b_1,2022-08-18T05:23:55,7,1649,324,23,true,10.5,27,0
90,id494149cf-c96e-47a5-a3ee-10c75386413b_1,2021-10-20T15:57:53,8,1415,998,26,true,10.5,27,0
91,id36d4b135-53f0-4cf3-9e2b-4ea378d9ffa8_1,2022-01-02T14:52:30,11,52225,847,30,true,10.5,30,0
92,id36d4b135-53f0-4cf3-9e2b-4ea378d9ffa8_1,2021-10-17T17:30:34,11,4564,576,26,true,10.5,30,0
93,id494149cf-c96e-47a5-a3ee-10c75386413b_1,2021-10-21T11:04:52,3,2956,1679,27,true,10.5,27,0
94,id36d4b135-53f0-4cf3-9e2b-4ea378d9ffa8_1,2021-10-19T13:16:11,8,1304,371,4,false,10.5,30,0
95,id36d4b135-53f0-4cf3-9e2b-4ea378d9ffa8_1,2021-10-24T13:13:58,6,12809,757,26,true,10.5,30,0
96,id36d4b135-53f0-4cf3-9e2b-4ea378d9ffa8_1,2021-11-02T21:29:31,10,9508,1251,20,true,10.5,30,0
97,id494149cf-c96e-47a5-a3ee-10c75386413b_1,2021-10-26T22:23:14,8,1129,406,27,true,10.5,27,0
98,id36d4b135-53f0-4cf3-9e2b-4ea378d9ffa8_1,2022-09-05T10:10:56,1,7,7,0,false,10.5,30,0
99,id36d4b135-53f0-4cf3-9e2b-4ea378d9ffa8_1,2021-10-26T22:02:34,11,6728,567,28,true,10.5,30,0
100,id494149cf-c96e-47a5-a3ee-10c75386413b_1,2021-12-30T16:55:17,8,1049,304,26,true,10.5,27,0
101,id36d4b135-53f0-4cf3-9e2b-4ea378d9ffa8_1,2021-12-30T15:50:57,11,4092,669,21,true,10.5,30,0
102,id36d4b135-53f0-4cf3-9e2b-4ea378d9ffa8_1,2021-12-30T15:51:09,1,14,14,0,false,10.5,30,0
103,id494149cf-c96e-47a5-a3ee-10c75386413b_1,2021-12-30T22:26:45,8,1928,717,25,true,10.5,27,0
104,id494149cf-c96e-47a5-a3ee-10c75386413b_1,2021-10-20T20:19:12,8,4401,2539,26,true,10.5,27,0
105,id36d4b135-53f0-4cf3-9e2b-4ea378d9ffa8_1,2021-11-08T13:07:40,9,19028,4696,26,true,10.5,30,0
106,id494149cf-c96e-47a5-a3ee-10c75386413b_1,2021-11-05T13:28:39,1,12,12,0,false,10.5,27,0
107,id36d4b135-53f0-4cf3-9e2b-4ea378d9ffa8_1,2021-11-21T18:13:43,2,24,24,0,false,10.5,30,0
108,id494149cf-c96e-47a5-a3ee-10c75386413b_1,2021-10-20T19:06:41,8,2393,748,27,true,10.5,27,0
109,id36d4b135-53f0-4cf3-9e2b-4ea378d9ffa8_1,2021-12-29T17:17:59,8,12520,728,29,true,10.5,30,0
110,id36d4b135-53f0-4cf3-9e2b-4ea378d9ffa8_1,2021-10-23T14:51:08,11,16959,1121,28.5,true,10.5,30,0
111,id494149cf-c96e-47a5-a3ee-10c75386413b_1,2021-10-29T23:03:07,1,9,9,0,false,10.5,27,0
112,id494149cf-c96e-47a5-a3ee-10c75386413b_1,2022-02-06T22:03:55,4,391,348,5,false,10.5,27,0
113,id494149cf-c96e-47a5-a3ee-10c75386413b_1,2021-10-25T15:37:25,8,113,8,0,false,10.5,27,0
114,id494149cf-c96e-47a5-a3ee-10c75386413b_1,2022-01-20T12:45:23,1,10,10,0,false,10.5,27,0
115,id36d4b135-53f0-4cf3-9e2b-4ea378d9ffa8_1,2021-10-17T22:17:09,11,12797,1051,25.5,true,10.5,30,0
116,id494149cf-c96e-47a5-a3ee-10c75386413b_1,2021-10-22T00:41:46,8,4118,1353,27,true,10.5,27,0
117,id36d4b135-53f0-4cf3-9e2b-4ea378d9ffa8_1,2021-10-29T19:38:41,11,1746,246,7,false,10.5,30,0
118,id494149cf-c96e-47a5-a3ee-10c75386413b_1,2021-10-29T19:41:31,4,156,150,0,false,10.5,27,0
119,id36d4b135-53f0-4cf3-9e2b-4ea378d9ffa8_1,2021-10-31T15:33:02,10,12829,1462,23,true,10.5,30,0
120,id494149cf-c96e-47a5-a3ee-10c75386413b_1,2021-10-31T14:30:57,8,1603,829,27,true,10.5,27,0
121,id36d4b135-53f0-4cf3-9e2b-4ea378d9ffa8_1,2021-11-06T10:02:24,2,9,9,0,false,10.5,30,0
122,id494149cf-c96e-47a5-a3ee-10c75386413b_1,2021-10-19T09:01:02,1,97,97,0,false,10.5,27,0
123,id36d4b135-53f0-4cf3-9e2b-4ea378d9ffa8_1,2021-10-20T13:31:37,1,603,595,5,false,10.5,30,0
124,id36d4b135-53f0-4cf3-9e2b-4ea378d9ffa8_1,2021-11-05T10:24:19,11,5139,477,26,true,10.5,30,0
125,id36d4b135-53f0-4cf3-9e2b-4ea378d9ffa8_1,2021-10-28T00:34:16,1,10,10,0,false,10.5,30,0
126,id494149cf-c96e-47a5-a3ee-10c75386413b_1,2021-10-18T20:17:29,8,1476,836,22,true,10.5,27,0
127,id36d4b135-53f0-4cf3-9e2b-4ea378d9ffa8_1,2021-12-04T23:04:25,11,2959,1175,17,true,10.5,30,0
128,id36d4b135-53f0-4cf3-9e2b-4ea378d9ffa8_1,2021-10-16T17:51:13,11,2867,120,29,true,10.5,30,0
129,id36d4b135-53f0-4cf3-9e2b-4ea378d9ffa8_1,2021-10-16T18:03:48,NULL,99,99,0,false,10.5,30,0
130,id494149cf-c96e-47a5-a3ee-10c75386413b_1,2021-10-24T15:34:11,8,416,164,26,true,10.5,27,0
131,id36d4b135-53f0-4cf3-9e2b-4ea378d9ffa8_1,2022-01-31T15:05:40,11,7442,813,22,true,10.5,30,0
132,id494149cf-c96e-47a5-a3ee-10c75386413b_1,2021-10-20T17:28:19,8,2283,582,27,true,10.5,27,0
133,id494149cf-c96e-47a5-a3ee-10c75386413b_1,2022-01-28T16:52:27,4,165,155,0,false,10.5,27,0
134,id494149cf-c96e-47a5-a3ee-10c75386413b_1,2022-02-06T17:08:32,8,444,419,0,false,10.5,27,0
135,id36d4b135-53f0-4cf3-9e2b-4ea378d9ffa8_1,2022-02-06T16:07:22,11,8205,1829,20,true,10.5,30,0
136,id494149cf-c96e-47a5-a3ee-10c75386413b_1,2021-11-22T11:14:31,8,683,393,21.5,true,10.5,27,0
137,id36d4b135-53f0-4cf3-9e2b-4ea378d9ffa8_1,2021-11-26T19:31:03,8,8474,332,24,true,10.5,30,0
138,id36d4b135-53f0-4cf3-9e2b-4ea378d9ffa8_1,2022-01-24T12:08:58,8,5178,3323,20,true,10.5,30,0
139,id494149cf-c96e-47a5-a3ee-10c75386413b_1,2022-01-24T12:23:13,8,861,256,24.5,true,10.5,27,0
140,id36d4b135-53f0-4cf3-9e2b-4ea378d9ffa8_1,2021-10-16T17:52:27,11,7176,579,23.5,true,10.5,30,0
141,id494149cf-c96e-47a5-a3ee-10c75386413b_1,2021-10-19T18:47:47,8,1285,595,24.5,true,10.5,27,0
142,id36d4b135-53f0-4cf3-9e2b-4ea378d9ffa8_1,2021-12-02T09:54:57,11,6553,1172,17,true,10.5,30,0
143,id494149cf-c96e-47a5-a3ee-10c75386413b_1,2021-10-20T10:59:18,8,1836,909,27,true,10.5,27,0
144,id494149cf-c96e-47a5-a3ee-10c75386413b_1,2022-01-31T11:06:15,8,622,318,24,true,10.5,27,0
145,id36d4b135-53f0-4cf3-9e2b-4ea378d9ffa8_1,2022-01-31T10:55:45,1,9,9,0,false,10.5,30,0
146,id494149cf-c96e-47a5-a3ee-10c75386413b_1,2022-02-08T19:10:52,8,107,4,0,false,10.5,27,0
147,id36d4b135-53f0-4cf3-9e2b-4ea378d9ffa8_1,2021-11-27T00:40:58,11,7993,846,28.5,true,10.5,30,0
148,id494149cf-c96e-47a5-a3ee-10c75386413b_1,2021-11-27T19:12:49,8,5274,605,25,true,10.5,27,0
149,id36d4b135-53f0-4cf3-9e2b-4ea378d9ffa8_1,2021-11-04T19:28:01,8,1784,902,11,true,10.5,30,0
150,id494149cf-c96e-47a5-a3ee-10c75386413b_1,2021-11-07T21:40:57,8,1290,495,15.5,true,10.5,27,0
151,id494149cf-c96e-47a5-a3ee-10c75386413b_1,2022-01-07T17:23:55,8,1118,369,18,true,10.5,27,0
152,id36d4b135-53f0-4cf3-9e2b-4ea378d9ffa8_1,2022-01-24T16:14:51,7,60,32,0,false,10.5,30,0
153,id36d4b135-53f0-4cf3-9e2b-4ea378d9ffa8_1,2021-10-21T21:45:56,11,20208,2877,29,true,10.5,30,0
154,id494149cf-c96e-47a5-a3ee-10c75386413b_1,2021-10-21T10:37:21,8,4554,2093,26,true,10.5,27,0
155,id36d4b135-53f0-4cf3-9e2b-4ea378d9ffa8_1,2022-01-23T23:20:05,1,5078,673,28,true,10.5,30,0
156,id494149cf-c96e-47a5-a3ee-10c75386413b_1,2022-01-23T23:42:22,8,1307,520,27,true,10.5,27,0
157,id36d4b135-53f0-4cf3-9e2b-4ea378d9ffa8_1,2021-12-09T18:59:41,11,35820,776,22,true,10.5,30,0
158,id494149cf-c96e-47a5-a3ee-10c75386413b_1,2021-10-31T16:29:04,8,3704,1063,27,true,10.5,27,0
159,id36d4b135-53f0-4cf3-9e2b-4ea378d9ffa8_1,2022-01-30T16:15:10,10,7277,1084,16,true,10.5,30,0
160,id36d4b135-53f0-4cf3-9e2b-4ea378d9ffa8_1,2022-01-04T20:47:40,8,2348,713,0,false,10.5,30,0
161,id36d4b135-53f0-4cf3-9e2b-4ea378d9ffa8_1,2021-10-16T18:26:32,11,8634,2096,29,true,10.5,30,0
162,id494149cf-c96e-47a5-a3ee-10c75386413b_1,2021-10-21T17:47:40,8,988,458,26,true,10.5,27,0
163,id36d4b135-53f0-4cf3-9e2b-4ea378d9ffa8_1,2021-10-25T20:54:19,11,3206,733,13.5,true,10.5,30,0
164,id494149cf-c96e-47a5-a3ee-10c75386413b_1,2021-11-10T15:12:32,4,6321,6137,6,false,10.5,27,0
165,id494149cf-c96e-47a5-a3ee-10c75386413b_1,2021-11-10T16:42:29,4,3519,957,25,true,10.5,27,0
166,id36d4b135-53f0-4cf3-9e2b-4ea378d9ffa8_1,2021-10-16T12:48:53,8,5414,709,27,true,10.5,30,0
167,id494149cf-c96e-47a5-a3ee-10c75386413b_1,2021-11-04T15:18:39,5,735,353,27,true,10.5,27,0
168,id36d4b135-53f0-4cf3-9e2b-4ea378d9ffa8_1,2021-11-13T11:00:17,4,64,60,0,false,10.5,30,0
169,id36d4b135-53f0-4cf3-9e2b-4ea378d9ffa8_1,2021-10-30T17:48:41,7,5050,457,21,true,10.5,30,0
170,id494149cf-c96e-47a5-a3ee-10c75386413b_1,2021-10-30T14:54:55,8,1449,391,25,true,10.5,27,0
171,id36d4b135-53f0-4cf3-9e2b-4ea378d9ffa8_1,2021-11-12T15:10:46,11,3678,615,0,false,10.5,30,0
172,id494149cf-c96e-47a5-a3ee-10c75386413b_1,2021-11-12T14:35:07,1,11,11,0,false,10.5,27,0
173,id36d4b135-53f0-4cf3-9e2b-4ea378d9ffa8_1,2022-01-29T15:35:44,11,9140,632,16,true,10.5,30,0
174,id494149cf-c96e-47a5-a3ee-10c75386413b_1,2022-01-29T15:58:25,8,1025,335,24,true,10.5,27,0
175,id36d4b135-53f0-4cf3-9e2b-4ea378d9ffa8_1,2022-01-29T16:12:19,11,54,30,0,false,10.5,30,0
176,id36d4b135-53f0-4cf3-9e2b-4ea378d9ffa8_1,2021-10-16T16:42:10,1,32,32,0,false,10.5,30,0
177,id36d4b135-53f0-4cf3-9e2b-4ea378d9ffa8_1,2021-10-18T10:52:25,11,1739,694,22,true,10.5,30,0
178,id494149cf-c96e-47a5-a3ee-10c75386413b_1,2021-10-19T19:28:54,8,3210,2099,25,true,10.5,27,0
179,id36d4b135-53f0-4cf3-9e2b-4ea378d9ffa8_1,2021-11-11T16:20:12,11,3633,560,26,true,10.5,30,0
180,id494149cf-c96e-47a5-a3ee-10c75386413b_1,2021-11-11T16:29:43,8,554,220,27,true,10.5,27,0
181,id36d4b135-53f0-4cf3-9e2b-4ea378d9ffa8_1,2021-09-28T12:32:58,11,47,28,1,false,10.5,30,0
182,id36d4b135-53f0-4cf3-9e2b-4ea378d9ffa8_1,2021-10-15T11:53:28,1,23,23,0,false,10.5,30,0
183,id36d4b135-53f0-4cf3-9e2b-4ea378d9ffa8_1,2021-10-18T22:59:28,11,10734,1690,18.5,true,10.5,30,0
184,id494149cf-c96e-47a5-a3ee-10c75386413b_1,2021-10-26T15:53:54,8,1512,1145,19,true,10.5,27,0
185,id36d4b135-53f0-4cf3-9e2b-4ea378d9ffa8_1,2021-10-28T23:11:12,11,4904,1942,21,true,10.5,30,0
186,id494149cf-c96e-47a5-a3ee-10c75386413b_1,2022-02-14T16:57:34,8,678,134,26,true,10.5,27,0
187,id36d4b135-53f0-4cf3-9e2b-4ea378d9ffa8_1,2022-02-04T16:19:02,6,2878,474,20,true,10.5,30,0
188,id494149cf-c96e-47a5-a3ee-10c75386413b_1,2022-02-04T15:32:31,8,1089,555,23.5,true,10.5,27,0
189,id36d4b135-53f0-4cf3-9e2b-4ea378d9ffa8_1,2021-10-25T17:09:33,11,4885,755,26,true,10.5,30,0
190,id494149cf-c96e-47a5-a3ee-10c75386413b_1,2021-10-26T14:04:01,8,1180,616,26,true,10.5,27,0
191,id36d4b135-53f0-4cf3-9e2b-4ea378d9ffa8_1,2022-02-05T12:52:01,11,1119,23,6,false,10.5,30,0
192,id494149cf-c96e-47a5-a3ee-10c75386413b_1,2022-02-05T13:21:39,8,1766,497,22.5,true,10.5,27,0
193,id36d4b135-53f0-4cf3-9e2b-4ea378d9ffa8_1,2021-10-21T09:28:09,1,2010,1978,0,false,10.5,30,0
194,id494149cf-c96e-47a5-a3ee-10c75386413b_1,2021-10-21T11:13:27,8,4287,2635,17.5,true,10.5,27,0
195,id494149cf-c96e-47a5-a3ee-10c75386413b_1,2021-10-21T11:20:58,8,339,157,20,true,10.5,27,0
196,id36d4b135-53f0-4cf3-9e2b-4ea378d9ffa8_1,2021-11-13T15:37:25,11,13983,1175,19,true,10.5,30,0
197,id494149cf-c96e-47a5-a3ee-10c75386413b_1,2021-12-16T20:06:10,8,3500,1397,26,true,10.5,27,0
198,id36d4b135-53f0-4cf3-9e2b-4ea378d9ffa8_1,2021-11-13T15:50:02,11,141,103,0,false,10.5,30,0
199,id36d4b135-53f0-4cf3-9e2b-4ea378d9ffa8_1,2022-01-18T13:56:49,11,6765,342,20,true,10.5,30,0
200,id494149cf-c96e-47a5-a3ee-10c75386413b_1,2022-01-18T14:16:06,8,1107,525,18.5,true,10.5,27,0
201,id36d4b135-53f0-4cf3-9e2b-4ea378d9ffa8_1,2021-11-16T10:44:02,8,1952,431,15,true,10.5,30,0
202,id36d4b135-53f0-4cf3-9e2b-4ea378d9ffa8_1,2021-10-31T10:15:38,11,6821,3592,30,true,10.5,30,0
203,id494149cf-c96e-47a5-a3ee-10c75386413b_1,2021-10-31T10:32:20,8,1540,445,26,true,10.5,27,0
204,id494149cf-c96e-47a5-a3ee-10c75386413b_1,2021-10-31T10:34:00,1,29,29,0,false,10.5,27,0
205,id494149cf-c96e-47a5-a3ee-10c75386413b_1,2021-10-31T10:45:10,8,621,315,27,true,10.5,27,0
206,id36d4b135-53f0-4cf3-9e2b-4ea378d9ffa8_1,2021-10-20T16:54:26,11,2969,802,24.5,true,10.5,30,0
207,id494149cf-c96e-47a5-a3ee-10c75386413b_1,2021-10-24T18:13:07,8,3367,2542,27,true,10.5,27,0
208,id494149cf-c96e-47a5-a3ee-10c75386413b_1,2022-01-26T11:59:11,8,831,267,23.5,true,10.5,27,0
209,id36d4b135-53f0-4cf3-9e2b-4ea378d9ffa8_1,2022-01-05T13:48:11,8,6236,1153,14,true,10.5,30,0
210,id494149cf-c96e-47a5-a3ee-10c75386413b_1,2022-01-05T13:36:26,5,9657,704,26,true,10.5,27,0
211,id36d4b135-53f0-4cf3-9e2b-4ea378d9ffa8_1,2022-01-14T00:30:33,11,8892,2574,23,true,10.5,30,0
212,id36d4b135-53f0-4cf3-9e2b-4ea378d9ffa8_1,2021-10-28T00:17:48,5,15199,1789,24,true,10.5,30,0
213,id494149cf-c96e-47a5-a3ee-10c75386413b_1,2021-11-04T15:15:58,1,121,120,2,false,10.5,27,0
214,id494149cf-c96e-47a5-a3ee-10c75386413b_1,2021-11-04T20:45:21,3,1797,752,27,true,10.5,27,0
215,id36d4b135-53f0-4cf3-9e2b-4ea378d9ffa8_1,2021-10-25T15:45:02,1,46,46,0,false,10.5,30,0
216,id36d4b135-53f0-4cf3-9e2b-4ea378d9ffa8_1,2021-11-07T01:11:08,9,7909,1006,14.5,true,10.5,30,0
217,id36d4b135-53f0-4cf3-9e2b-4ea378d9ffa8_1,2021-11-07T01:43:20,11,1922,225,24,true,10.5,30,0
218,id494149cf-c96e-47a5-a3ee-10c75386413b_1,2021-11-12T10:25:14,8,1360,576,27,true,10.5,27,0
219,id494149cf-c96e-47a5-a3ee-10c75386413b_1,2021-10-19T11:39:49,4,3414,2117,25,true,10.5,27,0
220,id36d4b135-53f0-4cf3-9e2b-4ea378d9ffa8_1,2022-01-17T16:20:07,11,2664,592,18,true,10.5,30,0
221,id36d4b135-53f0-4cf3-9e2b-4ea378d9ffa8_1,2021-10-25T17:09:14,11,12358,9460,26,true,10.5,30,0
222,id494149cf-c96e-47a5-a3ee-10c75386413b_1,2021-11-09T12:19:31,8,4894,3898,18.5,true,10.5,27,0
223,id36d4b135-53f0-4cf3-9e2b-4ea378d9ffa8_1,2021-10-22T18:04:09,11,32282,824,30,true,10.5,30,0
224,id494149cf-c96e-47a5-a3ee-10c75386413b_1,2021-10-22T18:41:53,8,2181,797,27,true,10.5,27,0
225,id36d4b135-53f0-4cf3-9e2b-4ea378d9ffa8_1,2021-11-26T03:52:04,6,1394,1134,4,false,10.5,30,0
226,id36d4b135-53f0-4cf3-9e2b-4ea378d9ffa8_1,2021-11-26T03:53:23,11,30,12,0,false,10.5,30,0
227,id494149cf-c96e-47a5-a3ee-10c75386413b_1,2021-11-26T05:27:37,1,1276,1276,0,false,10.5,27,0
228,id494149cf-c96e-47a5-a3ee-10c75386413b_1,2022-01-15T23:42:04,8,10938,1227,26,true,10.5,27,0
229,id36d4b135-53f0-4cf3-9e2b-4ea378d9ffa8_1,2021-12-25T15:18:18,8,14791,1572,21,true,10.5,30,0
230,id36d4b135-53f0-4cf3-9e2b-4ea378d9ffa8_1,2021-12-25T19:26:34,11,10192,851,29,true,10.5,30,0
231,id494149cf-c96e-47a5-a3ee-10c75386413b_1,2021-12-26T00:02:52,8,2528,866,27,true,10.5,27,0
232,id36d4b135-53f0-4cf3-9e2b-4ea378d9ffa8_1,2021-12-08T19:19:02,11,2247,139,30,true,10.5,30,0
233,id494149cf-c96e-47a5-a3ee-10c75386413b_1,2021-12-08T20:08:59,8,2982,2566,27,true,10.5,27,0
234,id36d4b135-53f0-4cf3-9e2b-4ea378d9ffa8_1,2021-12-05T22:58:05,11,4224,1088,26,true,10.5,30,0
235,id494149cf-c96e-47a5-a3ee-10c75386413b_1,2021-12-23T18:35:51,8,2496,1412,26,true,10.5,27,0
236,id36d4b135-53f0-4cf3-9e2b-4ea378d9ffa8_1,2021-11-01T23:53:18,11,6180,337,27,true,10.5,30,0
237,id494149cf-c96e-47a5-a3ee-10c75386413b_1,2021-11-02T19:34:26,8,1137,447,26,true,10.5,27,0
238,id36d4b135-53f0-4cf3-9e2b-4ea378d9ffa8_1,2022-01-12T11:29:52,11,1675,598,17,true,10.5,30,0
239,id494149cf-c96e-47a5-a3ee-10c75386413b_1,2022-01-12T11:47:17,8,1036,367,25,true,10.5,27,0
240,id36d4b135-53f0-4cf3-9e2b-4ea378d9ffa8_1,2021-10-26T13:25:35,11,16346,812,0,false,10.5,30,0
241,id494149cf-c96e-47a5-a3ee-10c75386413b_1,2021-10-27T22:38:08,8,1398,634,26,true,10.5,27,0
242,id36d4b135-53f0-4cf3-9e2b-4ea378d9ffa8_1,2022-10-12T14:40:28,1,87,22,0,false,10.5,30,0
243,id36d4b135-53f0-4cf3-9e2b-4ea378d9ffa8_1,2021-11-08T19:17:20,8,44527,2433,0,false,10.5,30,0
244,id494149cf-c96e-47a5-a3ee-10c75386413b_1,2021-10-20T19:54:55,8,3517,1383,27,true,10.5,27,0
245,id36d4b135-53f0-4cf3-9e2b-4ea378d9ffa8_1,2022-01-04T12:39:10,11,18630,788,21,true,10.5,30,0
246,id494149cf-c96e-47a5-a3ee-10c75386413b_1,2021-12-30T17:54:40,8,3049,907,27,true,10.5,27,0
247,id36d4b135-53f0-4cf3-9e2b-4ea378d9ffa8_1,2021-12-26T20:01:55,11,4326,800,15,true,10.5,30,0
248,id494149cf-c96e-47a5-a3ee-10c75386413b_1,2021-12-12T20:25:52,8,9712,1448,27,true,10.5,27,0
249,id36d4b135-53f0-4cf3-9e2b-4ea378d9ffa8_1,2021-12-26T20:36:01,8,2026,547,14,true,10.5,30,0
250,id36d4b135-53f0-4cf3-9e2b-4ea378d9ffa8_1,2021-12-29T13:11:40,11,9451,3154,29,true,10.5,30,0
251,id36d4b135-53f0-4cf3-9e2b-4ea378d9ffa8_1,2021-12-29T13:12:34,1,148,50,1,false,10.5,30,0
252,id494149cf-c96e-47a5-a3ee-10c75386413b_1,2021-12-29T14:31:44,8,4598,894,27,true,10.5,27,0
253,id36d4b135-53f0-4cf3-9e2b-4ea378d9ffa8_1,2022-01-12T19:58:29,6,256,228,0,false,10.5,30,0
254,id36d4b135-53f0-4cf3-9e2b-4ea378d9ffa8_1,2022-01-12T20:30:15,11,1751,502,17.5,true,10.5,30,0
255,id494149cf-c96e-47a5-a3ee-10c75386413b_1,2022-01-12T20:31:59,8,20,12,0,false,10.5,27,0
256,id494149cf-c96e-47a5-a3ee-10c75386413b_1,2022-01-13T19:29:15,8,629,238,24,true,10.5,27,0
257,id36d4b135-53f0-4cf3-9e2b-4ea378d9ffa8_1,2021-10-24T19:28:00,11,6763,1655,24,true,10.5,30,0
258,id494149cf-c96e-47a5-a3ee-10c75386413b_1,2021-10-24T20:11:57,8,2546,1880,23,true,10.5,27,0
259,id36d4b135-53f0-4cf3-9e2b-4ea378d9ffa8_1,2021-10-29T11:59:40,2,50,50,1,false,10.5,30,0
260,id36d4b135-53f0-4cf3-9e2b-4ea378d9ffa8_1,2021-10-30T12:07:24,6,83,23,2,false,10.5,30,0
261,id36d4b135-53f0-4cf3-9e2b-4ea378d9ffa8_1,2021-10-31T12:10:01,11,117,30,3,false,10.5,30,0
262,id36d4b135-53f0-4cf3-9e2b-4ea378d9ffa8_1,2021-11-05T11:06:51,7,67,29,1,false,10.5,30,0
263,id36d4b135-53f0-4cf3-9e2b-4ea378d9ffa8_1,2021-11-29T18:29:46,1,96,96,0,false,10.5,30,0
264,id494149cf-c96e-47a5-a3ee-10c75386413b_1,2022-01-14T10:09:49,1,27,27,0,false,10.5,27,0
265,id36d4b135-53f0-4cf3-9e2b-4ea378d9ffa8_1,2021-10-25T22:23:39,11,10436,698,23.5,true,10.5,30,0
266,id494149cf-c96e-47a5-a3ee-10c75386413b_1,2021-10-28T20:10:48,1,31,31,0,false,10.5,27,0
267,id36d4b135-53f0-4cf3-9e2b-4ea378d9ffa8_1,2022-01-03T21:25:24,11,32382,2970,30,true,10.5,30,0
268,id494149cf-c96e-47a5-a3ee-10c75386413b_1,2022-01-02T22:53:53,8,5218,2964,27,true,10.5,27,0
269,id36d4b135-53f0-4cf3-9e2b-4ea378d9ffa8_1,2021-10-17T21:08:18,1,22,22,0,false,10.5,30,0
270,id36d4b135-53f0-4cf3-9e2b-4ea378d9ffa8_1,2021-11-07T17:38:28,6,26559,4629,24,true,10.5,30,0
271,id494149cf-c96e-47a5-a3ee-10c75386413b_1,2021-10-30T00:15:17,8,2999,937,18.5,true,10.5,27,0
272,id494149cf-c96e-47a5-a3ee-10c75386413b_1,2021-11-06T17:22:55,8,1417,925,27,true,10.5,27,0
273,id36d4b135-53f0-4cf3-9e2b-4ea378d9ffa8_1,2021-12-05T17:24:18,11,6069,1432,27,true,10.5,30,0
274,id494149cf-c96e-47a5-a3ee-10c75386413b_1,2021-12-08T23:24:58,8,2405,1258,27,true,10.5,27,0
275,id36d4b135-53f0-4cf3-9e2b-4ea378d9ffa8_1,2021-11-19T02:08:58,1,23,23,0,false,10.5,30,0
276,id36d4b135-53f0-4cf3-9e2b-4ea378d9ffa8_1,2021-11-30T18:22:16,11,262,60,8.5,false,10.5,30,0
277,id36d4b135-53f0-4cf3-9e2b-4ea378d9ffa8_1,2021-11-30T18:31:36,11,479,19,11,true,10.5,30,0
278,id494149cf-c96e-47a5-a3ee-10c75386413b_1,2022-01-03T22:33:30,8,3804,2795,26,true,10.5,27,0
279,id36d4b135-53f0-4cf3-9e2b-4ea378d9ffa8_1,2022-01-09T21:40:24,11,1424,578,21,true,10.5,30,0
280,id494149cf-c96e-47a5-a3ee-10c75386413b_1,2021-12-15T15:01:51,8,3384,2306,27,true,10.5,27,0
281,id36d4b135-53f0-4cf3-9e2b-4ea378d9ffa8_1,2022-01-31T15:24:54,2,2535,2483,1,false,10.5,30,0
282,id36d4b135-53f0-4cf3-9e2b-4ea378d9ffa8_1,2022-01-31T16:09:27,2,1256,1256,0,false,10.5,30,0
283,id36d4b135-53f0-4cf3-9e2b-4ea378d9ffa8_1,2022-01-31T19:35:35,11,12306,1950,25,true,10.5,30,0
284,id36d4b135-53f0-4cf3-9e2b-4ea378d9ffa8_1,2021-11-02T10:54:43,11,6080,991,26,true,10.5,30,0
285,id494149cf-c96e-47a5-a3ee-10c75386413b_1,2021-11-02T11:13:27,8,1452,672,26,true,10.5,27,0
286,id36d4b135-53f0-4cf3-9e2b-4ea378d9ffa8_1,2021-11-18T22:33:02,11,9462,198,16.5,true,10.5,30,0
287,id494149cf-c96e-47a5-a3ee-10c75386413b_1,2021-11-19T17:22:05,8,883,360,22,true,10.5,27,0
288,id36d4b135-53f0-4cf3-9e2b-4ea378d9ffa8_1,2022-01-27T22:17:48,10,3634,452,16,true,10.5,30,0
289,id36d4b135-53f0-4cf3-9e2b-4ea378d9ffa8_1,2021-10-17T16:13:14,11,8259,3236,27,true,10.5,30,0
290,id494149cf-c96e-47a5-a3ee-10c75386413b_1,2021-10-22T09:52:19,8,1370,456,27,true,10.5,27,0
291,id36d4b135-53f0-4cf3-9e2b-4ea378d9ffa8_1,2021-10-30T15:05:05,11,9434,559,25,true,10.5,30,0
292,id494149cf-c96e-47a5-a3ee-10c75386413b_1,2021-10-21T22:03:19,8,6509,2925,27,true,10.5,27,0
293,id36d4b135-53f0-4cf3-9e2b-4ea378d9ffa8_1,2021-10-17T14:50:59,11,22757,591,28,true,10.5,30,0
294,id494149cf-c96e-47a5-a3ee-10c75386413b_1,2021-10-19T18:11:40,8,1018,457,27,true,10.5,27,0
295,id36d4b135-53f0-4cf3-9e2b-4ea378d9ffa8_1,2022-01-05T22:13:50,8,2712,426,15,true,10.5,30,0
296,id36d4b135-53f0-4cf3-9e2b-4ea378d9ffa8_1,2021-10-19T21:31:03,11,4700,1124,29,true,10.5,30,0
297,id494149cf-c96e-47a5-a3ee-10c75386413b_1,2021-10-21T16:36:19,8,2858,1682,27,true,10.5,27,0
298,id494149cf-c96e-47a5-a3ee-10c75386413b_1,2022-01-30T14:43:09,8,2644,1194,27,true,10.5,27,0
299,id36d4b135-53f0-4cf3-9e2b-4ea378d9ffa8_1,2021-12-23T19:44:32,11,8205,995,23,true,10.5,30,0
300,id494149cf-c96e-47a5-a3ee-10c75386413b_1,2022-01-04T19:08:08,8,2625,789,25,true,10.5,27,0
301,id36d4b135-53f0-4cf3-9e2b-4ea378d9ffa8_1,2021-10-25T22:37:47,8,1461,416,0,false,10.5,30,0
302,id494149cf-c96e-47a5-a3ee-10c75386413b_1,2021-10-25T22:38:26,2,51,51,0,false,10.5,27,0
303,id36d4b135-53f0-4cf3-9e2b-4ea378d9ffa8_1,2021-10-23T18:23:35,11,3933,1496,13,true,10.5,30,0
304,id494149cf-c96e-47a5-a3ee-10c75386413b_1,2021-10-21T10:29:16,8,3603,2004,26,true,10.5,27,0
305,id36d4b135-53f0-4cf3-9e2b-4ea378d9ffa8_1,2021-11-15T09:55:58,11,4947,1341,0,false,10.5,30,0
306,id36d4b135-53f0-4cf3-9e2b-4ea378d9ffa8_1,2021-11-20T15:01:47,8,6243,1245,20,true,10.5,30,0
307,id494149cf-c96e-47a5-a3ee-10c75386413b_1,2021-11-29T15:41:37,8,1790,1204,27,true,10.5,27,0
308,id36d4b135-53f0-4cf3-9e2b-4ea378d9ffa8_1,2022-02-18T07:39:18,1,14242,14242,0,false,10.5,30,0
309,id36d4b135-53f0-4cf3-9e2b-4ea378d9ffa8_1,2021-11-05T21:51:44,2,366,366,1,false,10.5,30,0
310,id36d4b135-53f0-4cf3-9e2b-4ea378d9ffa8_1,2022-01-12T21:48:35,11,10269,608,20,true,10.5,30,0
311,id494149cf-c96e-47a5-a3ee-10c75386413b_1,2022-01-12T22:27:16,8,2269,690,27,true,10.5,27,0
312,id36d4b135-53f0-4cf3-9e2b-4ea378d9ffa8_1,2021-10-17T18:09:01,5,69,39,0,false,10.5,30,0
313,id36d4b135-53f0-4cf3-9e2b-4ea378d9ffa8_1,2021-10-19T22:31:28,11,3847,440,30,true,10.5,30,0
314,id494149cf-c96e-47a5-a3ee-10c75386413b_1,2021-10-21T16:34:06,8,2937,1544,27,true,10.5,27,0
315,id36d4b135-53f0-4cf3-9e2b-4ea378d9ffa8_1,2022-01-31T12:06:18,11,3238,175,14,true,10.5,30,0
316,id494149cf-c96e-47a5-a3ee-10c75386413b_1,2022-01-31T12:20:44,8,858,290,24,true,10.5,27,0
317,id36d4b135-53f0-4cf3-9e2b-4ea378d9ffa8_1,2022-01-04T18:54:05,11,13821,896,19,true,10.5,30,0
318,id494149cf-c96e-47a5-a3ee-10c75386413b_1,2022-01-07T16:00:19,4,1899,795,15,true,10.5,27,0
319,id36d4b135-53f0-4cf3-9e2b-4ea378d9ffa8_1,2021-10-17T20:11:11,1,149,149,0,false,10.5,30,0
320,id36d4b135-53f0-4cf3-9e2b-4ea378d9ffa8_1,2021-10-17T20:14:50,1,50,50,0,false,10.5,30,0
321,id36d4b135-53f0-4cf3-9e2b-4ea378d9ffa8_1,2021-10-20T22:46:02,11,54410,8562,28,true,10.5,30,0
322,id494149cf-c96e-47a5-a3ee-10c75386413b_1,2021-10-20T23:56:11,3,3919,1981,27,true,10.5,27,0
323,id36d4b135-53f0-4cf3-9e2b-4ea378d9ffa8_1,2021-10-21T10:21:45,11,2926,839,18.5,true,10.5,30,0
324,id36d4b135-53f0-4cf3-9e2b-4ea378d9ffa8_1,2021-10-23T14:33:33,11,993,511,2.5,false,10.5,30,0
325,id36d4b135-53f0-4cf3-9e2b-4ea378d9ffa8_1,2021-10-23T15:21:05,11,2216,408,22,true,10.5,30,0
326,id494149cf-c96e-47a5-a3ee-10c75386413b_1,2021-10-26T22:25:42,4,659,289,9.5,false,10.5,27,0
327,id494149cf-c96e-47a5-a3ee-10c75386413b_1,2021-10-26T22:49:57,8,671,104,24,true,10.5,27,0
328,id36d4b135-53f0-4cf3-9e2b-4ea378d9ffa8_1,2021-10-20T09:57:12,1,88,88,0,false,10.5,30,0
329,id36d4b135-53f0-4cf3-9e2b-4ea378d9ffa8_1,2021-11-01T20:24:47,11,6388,1361,19,true,10.5,30,0
330,id494149cf-c96e-47a5-a3ee-10c75386413b_1,2021-11-01T20:50:34,8,1535,411,17.5,true,10.5,27,0
331,id494149cf-c96e-47a5-a3ee-10c75386413b_1,2022-01-12T12:58:14,8,1353,863,21,true,10.5,27,0
332,id36d4b135-53f0-4cf3-9e2b-4ea378d9ffa8_1,2022-01-16T17:55:22,11,2586,8,13,true,10.5,30,0
333,id494149cf-c96e-47a5-a3ee-10c75386413b_1,2022-01-16T18:21:04,8,1197,680,20,true,10.5,27,0
334,id36d4b135-53f0-4cf3-9e2b-4ea378d9ffa8_1,2022-01-26T15:44:48,11,4254,1481,17,true,10.5,30,0
335,id494149cf-c96e-47a5-a3ee-10c75386413b_1,2022-01-26T16:14:12,8,1339,814,24,true,10.5,27,0
336,id36d4b135-53f0-4cf3-9e2b-4ea378d9ffa8_1,2021-10-17T23:21:48,11,8206,3031,27,true,10.5,30,0
337,id494149cf-c96e-47a5-a3ee-10c75386413b_1,2021-10-29T15:51:20,8,2296,1254,27,true,10.5,27,0
338,id36d4b135-53f0-4cf3-9e2b-4ea378d9ffa8_1,2022-02-08T16:48:57,11,372,195,1,false,10.5,30,0
339,id494149cf-c96e-47a5-a3ee-10c75386413b_1,2022-02-08T16:49:28,8,101,60,0,false,10.5,27,0
340,id36d4b135-53f0-4cf3-9e2b-4ea378d9ffa8_1,2021-10-16T18:06:33,8,11226,1237,27,true,10.5,30,0
341,id494149cf-c96e-47a5-a3ee-10c75386413b_1,2021-10-19T16:43:02,3,578,249,27,true,10.5,27,0
342,id36d4b135-53f0-4cf3-9e2b-4ea378d9ffa8_1,2021-10-28T23:36:13,11,2126,365,16,true,10.5,30,0
343,id36d4b135-53f0-4cf3-9e2b-4ea378d9ffa8_1,2021-10-19T10:03:49,11,10683,1017,28,true,10.5,30,0
344,id494149cf-c96e-47a5-a3ee-10c75386413b_1,2021-10-19T10:17:55,2,868,619,27,true,10.5,27,0
345,id36d4b135-53f0-4cf3-9e2b-4ea378d9ffa8_1,2021-10-17T20:27:17,11,3567,441,26.5,true,10.5,30,0
346,id494149cf-c96e-47a5-a3ee-10c75386413b_1,2021-10-18T16:40:58,8,4267,3041,27,true,10.5,27,0
347,id36d4b135-53f0-4cf3-9e2b-4ea378d9ffa8_1,2021-12-03T09:08:34,10,25421,1681,0,false,10.5,30,0
348,id494149cf-c96e-47a5-a3ee-10c75386413b_1,2021-12-03T09:40:25,4,1314,941,14,true,10.5,27,0
349,id36d4b135-53f0-4cf3-9e2b-4ea378d9ffa8_1,2021-11-01T00:07:56,2,893,783,1,false,10.5,30,0
350,id36d4b135-53f0-4cf3-9e2b-4ea378d9ffa8_1,2022-01-26T10:46:26,4,2005,2005,0,false,10.5,30,0
351,id494149cf-c96e-47a5-a3ee-10c75386413b_1,2021-11-02T23:36:51,3,1235,1235,10,false,10.5,27,0
352,id36d4b135-53f0-4cf3-9e2b-4ea378d9ffa8_1,2021-10-16T17:14:31,11,4199,1283,24,true,10.5,30,0
353,id494149cf-c96e-47a5-a3ee-10c75386413b_1,2021-10-18T18:15:08,8,1475,845,25,true,10.5,27,0
354,id36d4b135-53f0-4cf3-9e2b-4ea378d9ffa8_1,2021-12-21T17:23:52,11,9988,1266,23,true,10.5,30,0
355,id494149cf-c96e-47a5-a3ee-10c75386413b_1,2021-11-16T19:39:19,8,762,267,25,true,10.5,27,0
356,id36d4b135-53f0-4cf3-9e2b-4ea378d9ffa8_1,2022-01-10T02:18:46,11,17838,973,22,true,10.5,30,0
357,id494149cf-c96e-47a5-a3ee-10c75386413b_1,2022-01-12T00:40:04,8,2175,606,26,true,10.5,27,0
358,id494149cf-c96e-47a5-a3ee-10c75386413b_1,2022-01-29T14:51:59,8,1282,416,25,true,10.5,27,0
359,id494149cf-c96e-47a5-a3ee-10c75386413b_1,2022-01-14T10:09:19,8,72,12,5.5,false,10.5,27,0
360,id494149cf-c96e-47a5-a3ee-10c75386413b_1,2022-10-18T14:11:02,1,8,4,0,false,10.5,27,0
361,id36d4b135-53f0-4cf3-9e2b-4ea378d9ffa8_1,2022-10-24T11:06:34,9,100,93,0,false,10.5,30,0
362,id494149cf-c96e-47a5-a3ee-10c75386413b_1,2022-10-24T11:27:03,5,276,68,0,false,10.5,27,0
363,id494149cf-c96e-47a5-a3ee-10c75386413b_1,2022-10-24T11:29:11,1,75,75,0,false,10.5,27,0
364,id36d4b135-53f0-4cf3-9e2b-4ea378d9ffa8_1,2021-10-25T23:17:43,2,154,154,1,false,10.5,30,0
365,id36d4b135-53f0-4cf3-9e2b-4ea378d9ffa8_1,2022-01-11T15:42:34,11,12519,875,24,true,10.5,30,0
366,id494149cf-c96e-47a5-a3ee-10c75386413b_1,2021-11-04T10:24:59,8,1480,674,27,true,10.5,27,0
367,id36d4b135-53f0-4cf3-9e2b-4ea378d9ffa8_1,2021-11-12T01:33:43,11,11879,675,23,true,10.5,30,0
368,id494149cf-c96e-47a5-a3ee-10c75386413b_1,2021-11-12T01:57:40,8,1408,550,24,true,10.5,27,0
369,id36d4b135-53f0-4cf3-9e2b-4ea378d9ffa8_1,2022-02-09T01:29:16,5,127,124,0,false,10.5,30,0
